Metascore,NameGame,NameConsole,Userscore,Fecha
11,Family Party: 30 Great Games Obstacle Arcade,WIIU,1.0,2012-12-04 00:00:00.0
16,Ride to Hell: Retribution,PC,1.2,2013-06-24 00:00:00.0
17,Yaris,X360,4.2,2007-10-10 00:00:00.0
17,Leisure Suit Larry: Box Office Bust,PS3,1.9,2009-05-05 00:00:00.0
17,Double Dragon II: Wander of the Dragons,X360,1.5,2013-04-05 00:00:00.0
17,Vroom in the Night Sky,Switch,3.1,2017-04-05 00:00:00.0
18,SPOGS Racing,WII,3.6,2008-07-07 00:00:00.0
19,Alone in the Dark: Illumination,PC,1.2,2015-06-11 00:00:00.0
19,Ride to Hell: Retribution,X360,1.2,2013-06-25 00:00:00.0
20,Leisure Suit Larry: Box Office Bust,PC,2.3,2009-03-31 00:00:00.0
